,0,1,2,3,4,5,6,label,sub_label,file_path
0,2471155.32184744,471269.0519703677,4331596.873456735,137402512.3419397,483965.03402723616,183323.29498773086,2391653.78054397,Negative_controls,control,Hippocampus/Negative_controls/control/Negative Control2_IC (new) (copy).txt
1,156221.40515358018,410544.8412395146,918114.2527824497,26100820.3474095,58714.185379293565,40345.406615509695,37232.96041694411,Negative_controls,control,Hippocampus/Negative_controls/control/Negative Control_IC (old) (another copy).txt
2,156221.40515358018,410544.8412395146,918114.2527824497,26100820.3474095,58714.185379293565,40345.406615509695,37232.96041694411,Negative_controls,control,Hippocampus/Negative_controls/control/Negative Control_IC (old).txt
3,2471155.32184744,471269.0519703677,4331596.873456735,137402512.3419397,483965.03402723616,183323.29498773086,2391653.78054397,Negative_controls,control,Hippocampus/Negative_controls/control/Negative Control2_IC (new) (another copy).txt
4,156221.40515358018,410544.8412395146,918114.2527824497,26100820.3474095,58714.185379293565,40345.406615509695,37232.96041694411,Negative_controls,control,Hippocampus/Negative_controls/control/Negative Control_IC (old) (copy).txt
5,2471155.32184744,471269.0519703677,4331596.873456735,137402512.3419397,483965.03402723616,183323.29498773086,2391653.78054397,Negative_controls,control,Hippocampus/Negative_controls/control/Negative Control2_IC (new).txt
